cantor,code,titulo,inicio da letra,p
19,18483,ANO KAMI HIKOHKI KUMORIZORA WATTE,Genki desu ka kimi wa ima mo,JP7D
365,6549,SÃO PAULO,Tem dias que eu digo não….,6D
10 cc,4920,I'M NOT IN LOVE,I'm not in love so don't forget it...,"INT01, USA2A"
"10,000 Maniacs",19807,MORE THAN THIS,I could feel at the time,INT10A
14 Bis,7392,NATURAL,Penso em você no seu jeito de falar,10D
14 Bis,7693,ROMANCE,Flores simples,11D
14 Bis,9556,UMA VELHA CANÇÃO ROCK'N'ROLL,Olhe oh oh oh venha solte seu corpo n,13D
14 Bis,3755,LINDA JUVENTUDE,"Zabelê, zumbi, besouro vespa fabricando",2D
14 Bis,6074,PLANETA SONHO,Aqui ninguém mais ficará depois do sol...,4H
14 Bis,6197,TODO AZUL DO MAR,Foi assim como ver o mar…,5C
14 Bis,1039,BOLA DE MEIA BOLA DE GUDE,Há um menino há um moleque Moran,INF1B
3 Doors Down,9033,HERE WITHOUT YOU,A hundred days had made me older,"INT01, A42"
4 Non Blondes,9072,WHAT'S UP,Twenty-five years and my life is still,"INT01, A43"
4 Non Blondes,2578,SPACEMAN,Starry night bring me down,INT04B
5 a Seco - Maria Gadú,15225,EM PAZ,Caiu do céu se revelou anjo da noite e das manhãs,24B
5 Seconds Of Summer,19852,SHE LOOKS SO PERFECT,He-ey e-hey... Simmer down simmer down,INT10B
A Banda Mais Bonita da Cidade,2748,ORAÇÃO,Meu amor essa é a última oração,21D
A Banda Mais Bonita da Cidade,15450,CANÇÃO PRA NÃO VOLTAR,Não volte pra casa meu amor que aqui,25D
A Cor Do Som,7480,ZANZIBAR,No azul de Jezebel no céu de Calcutá,10B
A Cor do Som,15200,VIVA,Viva a alegria e viva o prazer,24A
A Cor Do Som,6402,ABRI A PORTA,Abri a porta apareci…,6A
A Cor Do Som,7175,MENINO DEUS,Menino Deus um corpo azul-dourado,9A
A Teens,4970,SUPER TROUPER,Super trouper beams are gonna blind me...,"INT01, USA2A"
A Teens,4938,MAMMA MIA,I've being cheated by you since I don't...,"INT01,USA2C"
A Turma Do Balão Mágico,1543,BRUXINHA,Ô bruxinha bonitinha da vassoura de,18B
A Turma do Mônica,7548,SER CRIANÇA É BOM,Ser criança é bom ser criança faz bem...,INF1A
A VIGÍLIA,5614,JEOVÁ É O TEU CAVALEIRO,Jeová é o teu cavaleiro que...,EVA
A VIGÍLIA ,5617,JESUS TE ENTRONIZAMOS,Jesus nesta noite...,EVA
A VIGÍLIA ,5636,RENOVA-ME,Renova-me Senhor Jesus já não quero...,EVA
A VIGÍLIA 2,5608,ESTAMOS AQUI,Estamos aqui na casa de Deus...,EVA
A Zorra,9574,A COR DA ESPERANÇA,Sei,14D
A.I.,2017,STORY,Kagirareta toki no naka de,JP4A
Abba,4877,CHIQUITITA,Chiquitita tell me what's wrong...,"INT01,USA2C"
Abba,9116,I HAVE A DREAM,I have a dream a song to sing…,"INT02, 8E"
Abba,2533,MAMMA MIA,I've been cheated by you since I don't,INT04A
Abba,19333,FERNANDO,Can you hear the drums Fernando,INT07A
Abba,19768,KNOWING ME KNOWING YOU,No more carefree laughter,INT09D
Abba,4574,DANCING QUEEN,Yeah! You can dance you can jive,USAA
Abba,4787,THE WINNER TAKES IT ALL,I don’t wanna talk...,USAE
Abe Shizue,18424,MIZU IRO NO TEGAMI,Ogenki desu ka soshite ima demo aishite,JP7B
Abelhudos,1804,AS CRIANÇAS E OS ANIMAIS,Ê ô ê ô,20A
Abilio Farias,15130,O GENRO ODIADO,Desculpa mulher resolvi mil desculpas pedir,23D
Abílio Farias,1790,VOU FECHAR O CABARÉ,Esperei tanto ,19D
Abílio Farias,15049,CORAÇÃO INDECISO,Um coração indeciso busquei no céu um ,23B
Absyntho,6355,SÓ A LUA,Lembro que ela disse meio triste...,5G
AC-DC,5870,BACK IN BLACK,Back in black I hit the sack,"INT03, USA3C"
AC-DC,2606,HIGHWAY TO HELL,Livin' easy lovin' free,INT04C
AC-DC,19696,FOR THOSE ABOUT TO ROCK (WE SALUTE YOU),We roll tonight to the guitar bite,INT09B
Ace of Base,4857,ALL THAT SHE WANTS,She leads a lonely life...,"INT01, USA2B"
Ace of Base,19568,DON'T TURN AROUND,Don't tell me that you wanna leave,INT08C
Ace of Base,19687,BEAUTIFUL LIFE,You can do what you want just seize the day,INT09B
Ace of Base,19795,THE SIGN,I I got a new life ,INT09D
Ace of Base ,9221,HAPPY NATION , Laudate omnes gentes laudate ,"INT02, A44"
Adair Cardoso,1710,QUE SE DANE O MUNDO,E que se dane o mundo e que se dane,19B
Adalberto E Adriano,3726,SEPARAÇÃO,Qual terá sido o motivo da nossa,2C
Adele,2569,ROLLING IN THE DEEP,There's a fire starting in my heart,INT04B
Adele,2600,SOMEONE LIKE YOU,I've made up my mind,INT04C
Adele,2603,CHASING PAVEMENTS,I heard that you're settled down,INT04C
Adele,2627,SET FIRE TO THE RAIN,I let it fall my heart and as I fell,INT04D
Adele,19068,SKYFALL,This is the end hold your breath and count,INT05B
Adele,19362,HELLO,Hello it's me,INT07B
Adele,19404,WHEN WE WERE YOUNG,Everybody loves the things you do,INT07C
Adele,19493,SEND MY LOVE (TO YOUR NEW LOVER),This was all you none of it me put your hands all,INT08A
Adele,19534,ONE AND ONLY,You've been on my mind,INT08B
Adele,19678,WATER UNDER THE BRIDGE,If you're not the one for me,INT09A
Adele,19741,MAKE YOU FEEL MY LOVE,When the rain is blowing in your face,INT09C
Adhemar de Campos (Comunidade da Graça),2986,NOSSO GENERAL,Pelo Senhor marchamos sim o Seu,EVAN04D
Adílson Ramos,6982,SONHAR CONTIGO,Sonhar contigo por toda vida…,8A
Adoniran Barbosa,16322,APAGA O FOGO MANÉ,Inez saiu dizendo que ia comprar um pavio,31B
Adoniran Barbosa,7062,AS MARIPOSAS,As mariposa quando chega o frio,9A
Adoração e Adoradores,7782,FAZ CHOVER,Assim como a corsa anseia por águas,EVC
Adoração e Adoradores,7887,VIM PARA ADORAR-TE,Luz do mundo vieste à terra,EVD
Adrian Gurvitz,19726,CLASSIC,Got to write a classic,INT09C
Adriana,9466,I LOVE YOU BABY,Difícil é viver sem teu amor,13B
Adriana Calcanhoto,7648,NAQUELA ESTAÇÃO,Você entrou no trem,11B
Adriana Calcanhoto,7668,PELOS ARES,Não lhe peço nada,11B
Adriana Calcanhoto,7661,OUTRA VEZ,Outra vez sem você outra vez sem amor,11E
Adriana Calcanhoto,9450,ESQUADROS,Eu ando pelo mundo prestando atenção,13A
Adriana Calcanhoto,9846,MULHER SEM RAZÃO,Saia dessa vida de migalhas,14B
Adriana Calcanhoto,1119,SEU PENSAMENTO,A uma hora dessas,15B
Adriana Calcanhoto,1297,MARESIA,Meu amor me deixou levou minha identi,16D
Adriana Calcanhoto,1581,CANÇÃO DE NOVELA,Toalha molhada,18C
Adriana Calcanhoto,2798,METADE,Eu perco o chão,22A
Adriana Calcanhoto,4138,VAMBORA,Entre por essa porta agora,3E
Adriana Calcanhoto,4160,MAIS FELIZ,O nosso amor não vai parar,3F
Adriana Calcanhoto,4161,MENTIRAS,Nada ficou no lugar,3F
Adriana Calcanhoto,6126,DEVOLVA-ME,Rasgue as minhas cartas...,5B
Adriana Calcanhoto,6573,JUSTO AGORA,Eu ouvi dizer que você assim…,6E
Adriana Calcanhoto,6822,FICO ASSIM SEM VOCÊ,Avião sem asa fogueira sem brasa,7E
Adriana Calcanhoto,16605,ERA PRA SER,Era pra ser canção de amor,33A
Adriana Marques,2408,AMOR PERFEITO,O vento sopra e leva a solidão e uma,EVAN04A
Adryana E A Rapaziada,4458,SÓ FALTAVA VOCÊ,Só faltava você...,4E
Adryana E A Rapaziada,6035,TUDO PASSA,Tudo na vida passa tudo na vida...,4G
Adryana E A Rapaziada,6121,AMOR PRA VALER,Já faz tanto tempo não consigo...,5B
Adryana E A Rapaziada,6257,FIM DE NOITE,Você nunca vai me ver sofrer…,5E
Adryana E A Rapaziada,6294,EU TE AMO (AND I LOVE HER),Foi tanto que eu te amei e não sabia…,5F
Adryana Ribeiro,1490,SAUDADE VEM,O que é que você foi fazer comigo,18A
Adryana Ribeiro,3789,E AGORA ?,E agora como é que eu vou ficar,2E
Aerosmith,4909,I DON'T WANT TO MISS A THING,I could stay awake just to hear you brea...,"INT01, USA2A"
Aerosmith,4879,CRAZY,Come here baby...,"INT01, USA2B"
Aerosmith,19165,CRYIN',There was a time when I was so brokenhearted,INT06A
Aerosmith,19172,DREAM ON,Every time that I look in the mirror,INT06A
Aerosmith,19505,JANIE'S GOT A GUN,Dum dum dum honey what have you done,INT08A
Aerosmith,19538,ANGEL,I'm alone yeah I don't know if,INT08B
Aerosmith,19625,PINK,Pink it's my new obsession ,INT08D
Aerosmith,19658,JADED,Hey j-j-jaded you got your mama's style,INT09A
Aerosmith,19876,LIVIN' ON THE EDGE,There's somethin' wrong with the world today,INT10B
Aerosmith,4678,AMAZING,I get the right ones out...,USAA
Afrodisíaco,7621,JA É,Ôh ôh ôh ôh ôh ôh incendeia,11E
Afrodite se Quiser,1434,O QUE QUE ELA TEM QUE EU NÃO TENHO,Não adianta,17C
Agepê,7381,ME LEVA,Tudo nasceu de brincadeira,10A
Agepê,7328,DE AMOR É BOM,Um lindo canto com um gosto de viver,10D
Agepê,7332,DE TODAS AS FORMAS,Me dê a posse do teu corpo,10E
Agepê,1455,LÁ VEM O TREM,Lá vem o trem no passo que o vento vem,17D
Agepê,1535,NINGUEM FAZ AMOR COMO VOCÊ,Se eu perdi a hora não se zangue comi,18B
Agepê,3848,MORO ONDE NÃO MORA NINGUÉM,"Moro, onde não mora ninguém",2F
Agepê,3883,MOÇA CRIANÇA,O seu andar tem jeito de moça,2G
Agepê,6454,DEIXA EU TE AMAR,Quero ir na fonte do teu ser…,6B
Agepê,6938,MENINA DE CABELOS LONGOS,Ê ê ê... menina de cabelos longos…,8B
Aggeu Marques,15178,MÁQUINA DO TEMPO,Finjo não saber que o tempo passa logo,24A
Agnaldo Rayol,15521,ACORRENTADOS (ENCADENADOS),Talvez fosse melhor se não voltasses,26B
Agnaldo Rayol,15853,NÃO VOLTO MAIS,Se você quiser saber amor vou cuidar de mim,28B
Agnaldo Rayol,3737,A PRAIA,Em plena praia no céu azul brilhava o sol,2D
Agnaldo Rayol,3739,AMIGOS PARA SEMPRE,Eu não tenho nada pra dizer,2D
Agnaldo Rayol,6303,O PRINCÍPIO E O FIM,A minha vida em carinhos…,5F
Agnaldo Rayol,6362,AVE MARIA NO MORRO,Barracão de zinco…,5H
Agnaldo Rayol,7031,SANTA LUCIA,Sul mare luccica l'astro d'argento,"INT01, ITA"
Agnaldo Rayol e C.Church,7036,TORMENTO D'AMORE,Martirio tormento d'amore,"INT01, ITA"
Agnaldo Timóteo,7287,A GALERIA DO AMOR,Numa noite de insônia saí,10A
Agnaldo Timóteo,7282,A CASA DE IRENE,Os dias tristes,10B
Agnaldo Timóteo,7283,A CASA DO SOL NASCENTE,A casa dos meus sonhos é feita de ilu,10C
Agnaldo Timóteo,1688,MAMÃE ESTOU TÃO FELIZ,Mamãe estou tão feliz porque voltei ,19B
Agnaldo Timóteo,4370,QUEM É,Quem é que não sofre por alguém...,4C
Agnaldo Timóteo,4399,MEU GRITO,Se eu demoro mais aqui eu vou morrer...,4D
Agnaldo Timóteo,6503,OS VERDES CAMPOS DA MINHA TERRA,Se algum dia à minha terra eu voltar…,6C
Agnaldo Timóteo,6947,NÃO MEREÇO VOCÊ,Não mereço você sei que vou me…,8A
Agnaldo Timóteo,6959,OS BRUTOS TAMBÉM AMAM,Você jamais vai entender o amor que…,8A
Agnaldo Timóteo,6884,A NOIVA,Ave Maria… Branca e radiante…,8B
Agnaldo Timóteo,7166,LIVRE,Livre nasci como a brisa,9B
Agnela,1150,PODIA SER,Não sei porque você não quis ligar,15C
Agostinho Dos Santos,7301,AQUELES OLHOS VERDES,Aqueles olhos verdes translúcidos ser,10D
Agostinho dos Santos,9695,MANHÃ DE CARNAVAL,Manhã tão bonita manhã,14A
Agostinho Dos Santos,4221,A FELICIDADE,Tristeza não tem fim felicidade,3H
Agridoce (Pitty),2792,DANÇANDO,Eu sei que lá no fundo,22A
Agridoce (Pitty),15202,130 ANOS,Caro é transformar-se num arremendo de si próprio,24B
Aguinaldo Timóteo,15621,QUEM SERÁ?,Amor só se dá se amor se ganha também,26D
A-Ha,4973,TAKE ON ME,We're talking away...,"INT01, USA2B"
A-ha,19213,HUNTING HIGH AND LOW,Here I am and within the reach,INT06B
A-Ha,19400,YOU ARE THE ONE,You are the one who has done me in,INT07B
A-ha,19853,STAY ON THESE ROADS,Cold has a voice,INT10B
Ai,18319,YOU ARE MY STAR,Furuete iru watashi no te ni hajimete,JP6C
Ai,18486,BELIEVE,Dokoka tohku de koe ga kikoeru,JP7D
Ai Johji e Shiki Chinami,5103,AKAI GLASS,Kutibiru yossereba naze ka,JP1
Ai Takano,18627,ORE GA SEIGI DA! JASPION,Come on boy tsurai toki hodo,JP8C
Aikawa Nanase,5678,BYE BYE,Naze nante iwanai de iwanai...,JP3
Aikawa Nanase,5815,SWEET EMOTION,Hadashi de odorou volume agete...,JP3
Aikawa Nanasse,5645,YUME MIRU SHOJYOJYA IRARENAI,Goossen reijino…,JP2
Aiko,2031,KABUTO MUSHI,Nayanderu karada ga atsukute,JP4A
Air Supply,4935,LOST IN LOVE,I realize the best part of love...,"INT01, USA2A"
Air Supply,9105,EVEN THE NIGHTS ARE BETTER,I I was the lonely one…,"INT02, 8D"
Air Supply,9182,THE ONE THAT YOU LOVE,Now the night has gone…,"INT02, 8E"
Air Supply,5911,HERE I AM,Here I am,"INT03, USA3A"
Air Supply,19433,GOODBYE,I can see the pain living in your eyes,INT07C
Air Supply,19499,MAKING LOVE OUT OF NOTHING AT ALL,I know just how to whisper,INT08A
Air Supply,19769,LONELY IS THE NIGHT,Really thought that I could live without you,INT09D
Air Supply ,9243,ALL OUT OF LOVE , I'm lying alone ,"INT02, A45"
AKB48,18601,365 NICHI NO KAMI HIKOHKI,Asa no sora o miagete,JP8C
Akikawa Masafumi,2015,SEN NO KAZE NI NATTE,Watashi no ohaka no mae de,JP4A
Akimoto Junko,2011,MADINSON GUN NO KOI,Kotori tachi wa nani o sawagu no,JP4A
Akimoto Junko,2022,AI NO MAMA DE...,Soshite mata kisetsu wa utsuri yuku,JP4A
Akimoto Junko,2124,AME NO TABIBITO,Kareha ga aoba ni yomigaeru,JP4D
Akimoto Junko,18233,TASOGARE LOVE AGAIN,Tasogareta fuhkei wa sabishige na,JP6A
Akimoto Junko,18602,AI KAGI,Platform ni hito ga afure,JP8C
Akioka Shuji,2296,OTOKO NO TABIJI,Hito no isshoh ichido kiri,JP5C
Akioka Shuji,18432,SAKE BOJO,Kokoro ni kesenai hito ga iru sake de,JP7B
Akioka Shuji,18562,AIBOH ZAKE,Anna onna ga hoshi kereba,JP8B
Akundum,3563,EMACONHADA,"Kaya erva danada, kaya erva danada",1D
Al Jarreau,9193,WE'RE IN THIS LOVE TOGETHER,It's like a diamond ring it's a precious…,"INT02, 8F"
Al Jarreau,5942,MORNIN',Mornin' mister Radio,"INT03, USA3D"
Al Martino,4592,LOVE IS BLUE,Blue blue my world is blue,USAE
Al Stewart,4806,YEAR OF THE CAT,On a morning from a Bogart movie...,USAG
Alan,18485,BALLAD ~NAMONAKI KOI NO UTA~,Kizu tsuita tsubasa de kimi wa yuku,JP7D
Alan,18580,KUON NO KAWA,Moh soko ni wa kaze no ne ga hibiki,JP8B
Alan e Aladim,16394,LIGUEI PRA DIZER QUE TE AMO,Já é tarde é quase madrugada ,31C
Alan e Aladim,16652,DOIS PASSARINHOS,No instante em que voce me beija,33B
Alan Jackson,9026,EVERYTHING I LOVE,Coffee keeps me up and I can't sleep,"INT01, A42"
Alan Jackson,9036,I'LL TRY,Here we are talkin' bout forever,"INT01, A42"
Alan Jackson,9041,LIVIN' ON LOVE,Two young people without a thing,"INT01, A43"
Alan Jackson,9139,MIDNIGHT IN MONTGOMERY,Midnight in Montgomery silver eagle…,"INT02, 8F"
Alan Parson Project,4888,EYE IN THE SKY,Don't think sorry's easily said...,"INT01, USA2A"
Alan Parson's Project,9187,TIME,Time flowin' like a river…,"INT02, 8F"
Alanis Morissette,4850,YOU OUGHTA KNOW,I want you to know that I'm happy…,"INT01, A41"
Alanis Morissette,4922,IRONIC,"Hey yeah yeah yeah Oh, oh yeah...","INT01, USA2A"
Alanis Morissette,4997,YOU LEARN,"Oooh, oooh-do, do...","INT01,USA2C"
Alanis Morissette,2570,THAT I WOULD BE GOOD,That I would be good even if I did not,INT04B
Alanis Morissette,19100,HAND IN MY POCKET,I'm broke but I'm happy I'm poor but,INT05C
Alanis Morissette,19147,THANK U,How 'bout getting off of these antibiotics,INT05D
Alanis Morissette,19354,UNINVITED,Like anyone would be I am flattered by you,INT07A
Alanis Morissette,19902,OFFER,Who who am I to be blue,INT10C
Alannah Myles,2602,BLACK VELVET,Mississippi in the middle of the dry s,INT04C
Alavontê,15607,Ê LÁ EM CASA,Ela atravessa a rua e vem falar comigo mas,26D
Albert Hammond,9128,IT NEVER RAINS IN SOUTHERN CALIFORNIA,Got on a board a west bound seven forty…,"INT02, 8E"
Albert Hammond,4626,FOR THE PEACE OF ALL MANKIND,You turn me on so bad that there,USAF
Alceu Valenca,16674,EU VOU FAZER VOCE VOAR,Eu vou fazer voce voar,33B
Alceu Valença,1120,SOLIDÃO,A solidão é fera a solidão devora,15B
Alceu Valença,15223,DONA DE 7 COLINAS,Ela é dona de sete colinas debruçadas na beira do mar,24B
Alceu Valença,3880,LA BELLE DE JOUR,Ah! eh! ah! eh! La belle de jour,2G
Alceu Valença,3903,ANUNCIAÇÃO,Na bruma leve das paixões,2H
Alceu Valença,4071,CORAÇÃO BOBO,Meu coração tá batendo,3D
Alceu Valença,6452,COMO DOIS ANIMAIS,Uma moça bonita de olhar agateado…,6B
Alceu Valença,3277,TROPICANA,Da manga rosa quero o gosto e o sumo,M
Alcione,9282,MENINO SEM JUÍZO,Sabe meu menino sem juízo,12B
Alcione,9286,MEU VÍCIO É VOCÊ,Meu cigarro é o perfume do mato,12D
Alcione,9337,SE NÃO É AMOR,Se não é amor,12D
Alcione,9316,PIOR É QUE EU GOSTO,De repente é mais uma vez,12E
Alcione,1165,EU VOU PRA LAPA,É ela a dama da noite,16A
Alcione,1600,O QUE EU FAÇO AMANHÃ?,De repente você vem dizer,18C
Alcione,1604,FAZ UMA LOUCURA POR MIM,Faz uma loucura por mim,18D
Alcione,1624,QUEM É VOCÊ?,Quem é você,18D
Alcione,1795,QUALQUER DIA DESSES,Qualquer dia desses ,19D
Alcione,3060,DELÍRIO DE AMOR,Você acaba dando um jeito,1C
Alcione,3169,NÃO DEIXE O SAMBA MORRER,Não deixe o samba morrer,1D
Alcione,3263,SUFOCO,Não sei se vou aturar esses seus abusos,1D
Alcione,3270,TÔ COM SAUDADE,Tô com saudade amor já não suporto,1J
Alcione,1979,GAROTO MAROTO,Você faz de conta que quer meu perdão,21A
Alcione,2694,"NÃO CHORE, NÃO",Pra quê chorar a vida é mesmo assim,21B
Alcione,2797,MELHORES MOMENTOS,Como posso explicar para o meu ,22A
Alcione,15022,A PAIXÃO TEM MEMÓRIA,Lá vem você de novo procurar por mim,23A
Alcione,16274,NEM MORTA,Eu só fico em teus braços porque não tenho,30D
Alcione,4196,GOSTOSO VENENO,Esse amor me envenena,3G
Alcione,6246,ALÉM DA CAMA,De amor eu não morro…,5E
Alcione,6521,A LOBA,Sou doce dengosa polida…,6D
Alcione,6626,O MUNDO É DE NÓS DOIS,Esse nosso amor é a perfeição…,6F
Alcione,6759,VOCÊ ME VIRA A CABEÇA,Você me vira a cabeça me tira...,7C
Alcione,6940,MEU ÉBANO,É você e um negão de tirar o chapéu…,8C
Alcione,7186,NA HORA DA RAIVA,Na hora da raiva eu lhe disse tudo,9C
Alcione,7232,RIO ANTIGO,Quero o bate-papo na esquina,9D
Alcione,7201,O SURDO,Amigo que ironia desta vida,9F
Alcione,16633,AMOR SURREAL,Se ajoelha e me pede perdão,33A
Alcione - Gonzaguinha,15739,MESA DE BAR,Mesa de bar é lugar pra todo mundo que é ,27C
Alcione E Alexandre Pires,4079,ESTRANHA LOUCURA,Minha estranha loucura,3D
Alda Célia,2402,A COLHEITA,Voz do que clama em meio ao deserto,EVAN04A
Alda Célia,2426,ÓLEO DE ALEGRIA,O Espírito de Deus nos ungiu pra,EVAN04A
Alda Célia,2428,PODER DA ORAÇÃO,Eu creio no poder dos joelhos que se,EVAN04A
Alda Célia,2439,VOAR COMO A ÁGUIA,É tempo de quebrar cadeias restaurar,EVAN04A
Alda Célia,2462,MOSTRA-ME TUA GLÓRIA,Santifica-me purifica-me Senhor,EVAN04B
Alda Célia,7755,CHUVA DE AVIVAMENTO,Nos últimos dias diz o Senhor,EVB
Alda Célia,7875,SOPRA ESPÍRITO DE DEUS,Sopra dos quatro cantos Espírito,EVB
Alejandro Sanz,4105,CORAZÓN PARTÍO,Tiritas pá este corazón partío,3E
Alem do Véu,2424,NASCI PRA VENCER,Não posso deixar meu sonho se perder,EVAN04A
Além do Véu,2965,ALÉM DO VÉU,Procurei de muitas formas alegrar seu,EVAN04D
Além do Véu,2980,FILHOS DE DEUS,Algo em nós nos torna diferentes,EVAN04D
Alesis Brothers,9007,BABY COME BACK,Spending all my nights all my money,"INT01, A42"
Alesis ,9242,ALL FOR A REASON , I know it's late and I'm a little drunk ,"INT02, A45"
Alex e Ronaldo,16235,SEXTA FEIRA SUA LINDA,Fim de semana começou,30C
Alexandre Peixe,9569,VOCÊ VAI PIRAR,Você vai pirar vai enlouquecer,13B
Alexandre Peixe ,1077,EU SOU MAIS VOCÊ ,Ô ô... ô ô ô ô,15A
Alexandre Pires,7696,SE ELA ME AMASSE,Se ela me amasse,11B
Alexandre Pires,7603,EU TIRO A SUA ROUPA,Às vezes em silêncios a emoção me fa,11C
Alexandre Pires,7697,SEM TEU AMOR NADA É IGUAL,Me pego remexendo em suas coisas,11C
Alexandre Pires,9575,A DEUS EU PEÇO,Que a menina dos meus olhos,14A
Alexandre Pires,1210,CIGANO,Era lindo o nosso amor ,16B
Alexandre Pires,1472,SÓ POR UM MOMENTO,"Olha aqui, não fique esperando",17D
Alexandre Pires,1532,MULHER DAS ESTRELAS,Ela canta demais,18B
Alexandre Pires,1558,LEVE TUDO COM VOCÊ,Como pude mentir o meu bem eu traí,18B
Alexandre Pires,1786,ERRO MEU,Se o amor bater deixa entrar ,19D
Alexandre Pires,2877,SISSI,Laiá laiá laiá... Ai que dede que dede que delícia ,22C
Alexandre Pires,15834,QUEM É VOCÊ,Eu descobri quem você é posso estar equivocado mas,28A
Alexandre Pires,6198,USTED SE ME LLEVÓ LA VIDA,Usted se me llevó la vida…,5C
Alexandre Pires,6251,É POR AMOR,A noite de lua cheia é quase…,5E
Alexandre Pires,6302,NECESSIDADE,Beijar tua boca é a minha aventura…,5F
Alexandre Pires,6443,A MUSA DAS MINHAS CANÇÕES,No palco de um pequeno bar…,6B
Alexandre Pires,6640,VEM ME AMAR (AMAME),Vem aqui doce amor…,6F
Alexandre Pires,6649,"BUM, BUM, BUM",Amiga olha só como mudou a vida...,7A
Alexandre Pires,6816,COISA DO DESTINO,Isso é coisa do destino eu sofri,7E
Alexandre Pires,6988,TIRA ELA DE MIM,Tira a lembrança que ela deixou…,8C
Alexandre Pires ,1073,DESSA VEZ EU ME RENDO ,Dizem que amor não mata mas judia da,15A
Alexandre Pires - Seu Jorge,15408,EU SOU O SAMBA,Coisa linda muito prazer hoje você vai,25C
Alexandre Pires e Daniel,1106,CHEGUEI TARDE DEMAIS,Não faz não quer não vem não fala nada,15B
Alexandre Pires E Fat Family,6764,AO SENTIR O AMOR,A sensação de ver você chegar...,7D
Alexandre Pires e Revelação,9655,DELÍRIOS DE AMOR,Me lembro o dia que cheguei,14A
Aliados,1153,SORRINDO,Ontem um sonho acabou,15C
Aliados,15446,ÁGUAS PASSADAS,Deixa rolar deixa fluir,25D
Aliados,15455,ESPERANÇA,Enquanto ela estiver aqui,25D
Alice,2266,IMA WA MOH DARE MO,Ima wa moh dare mo aishitakunai no,JP5B
Alice ,5117,FUYU NO INAZUMA,Anata wa inazuma no youni,JP1
Alice Cooper,9144,NO MORE MR. NICE GUY,I used to be such a sweet sweet thing…,"INT02, 8D"
Alice Cooper,2526,I NEVER CRY,If there's a tear on my face,INT04A
Alice Cooper,19699,HOW YOU GONNA SEE ME NOW,Dear Darlin' surprised to hear from me,INT09B
Alicia Bridges,19846,I LOVE THE NIGHTLIFE,Please don't talk about love tonight,INT10B
Alicia keys,4890,FALLIN',I keep on fallin' in and out love with...,"INT01, USA2B"
Alicia Keys,2568,NO ONE,I just want you close,INT04B
Alicia Keys,19207,GIRL ON FIRE,She's just a girl and she's on fire,INT06B
Alicia Keys,19529,IF I AIN'T GOT YOU,Some people live for the fortune,INT08B
Alien Ant Farm,4966,SMOOTH CRIMINAL,Ough! ...,"INT01,USA2C"
Aline Barros,9527,RECOMEÇAR,Pai,13E
Aline Barros,1809,RESSUSCITA-ME,Mestre eu preciso de um milagre,20A
Aline Barros,1878,"SONDA-ME, USA-ME",Sonda-me Senhor e me conhece,20B
Aline Barros,15488,DEUS EXTRAORDINÁRIO,Em toda história não se ouviu falar de um,26A
ALINE BARROS,5605,CONSAGRAÇÃO,Ao Rei dos Reis consagro tudo...,EVA
ALINE BARROS,5606,DEUS DO IMPOSSÍVEL,O meu Deus é o Deus do Impossível...,EVA
ALINE BARROS,5610,FICO FELIZ,U u... Fico feliz em vir em Tua casa...,EVA
ALINE BARROS,5615,JESUS CRISTO MUDOU MEU VIVER,U ei ê... Jesus Cristo mudou meu viver...,EVA
ALINE BARROS,5616,JESUS FAZ PARTE,É eu pude crer e ver o seu poder...,EVA
Aline Barros,2413,CARPINTEIRO,Um carpinteiro um homem simples,EVAN04A
Aline Barros,2429,PODER PRA SALVAR,Todos necessitam de um amor perfeito,EVAN04A
Aline Barros,2438,VENTO DO ESPÍRITO,O vento sopra só ele sabe para onde,EVAN04A
Aline Barros,2468,REI MEU,Toda Terra está cheia da tua glória,EVAN04B
Aline Barros,2469,RENDIDO ESTOU,Toma-me rendido estou,EVAN04B
Aline Barros,2948,AO ÚNICO,Ao Único que é digno de receber,EVAN04C
Aline Barros,2499,SANTIDADE,O meu melhor quero Te dar me derramar,EVAN04C
Aline Barros,2964,ÁGUAS DO TRONO,Águas que fluem do coração do Senhor,EVAN04D
Aline Barros,2967,APAIXONADO,Você mudou meu jeito de pensar,EVAN04D
Aline Barros,7771,DIGNO É O SENHOR,Graças eu te dou Pai pelo preço que pa,EVB
Aline Barros,7866,RENOVA-ME SENHOR,Renova-me renova-me renova-me Senhor,EVD
Aline Barros (Crianças),2450,DANÇA DO PINGUIM,É assim assim,EVAN04B
Aline Barros (Crianças),2455,HOMENZINHO TORTO,Havia um homenzinho torto,EVAN04B
Aline Barros (Crianças),2465,PULA-PULA,Hoje é dia de brincar pular dançar ,EVAN04B
Aline Calixto,2867,FLOR MORENA,Flor morena que manda no meu coração,22C
Alinne Rosa,15650,COMPLICAMOS DEMAIS,Se eu fechar meus olhos posso te ver,27A
Alisson e Ryan,1388,NÃO SOU SEU BRINQUEDO,Pára dá um tempo vê se larga do meu,17B
All-4-One,4669,I SWEAR,I swear,USAA
Allen Stone,19231,SLEEP,Spend my nights howlin' at the moon,INT06B
Almir Guinéto,16189,MEL NA BOCA,Ohhh quanta mentira suportei ,30B
Almir Rogério,1508,MOTOQUEIRO,Tudo certo para o nosso casamento,18A
Almir Rogério,3877,FUSCÃO PRETO,Me disseram que ela foi vista com,2G
Almir Sater,9559,VARANDAS,A noite é um mistério que eu finjo co,13D
Almir Sater,9509,PEÃO,Diga você me conhece eu já fui boiad,13E
Almir Sater,1425,HORA DO CLARÃO,Ana Raio e Zé Trovão diz a sabedoria,17C
Almir Sater,2939,TRAVESSIA DO ARAGUAIA,Naquele estradão deserto uma boiada,22D
Almir Sater,4379,UM VIOLEIRO TOCA,Quando uma estrela cai na escuridão da,4C
Alok - Bruno Martini,19820,HEAR ME NOW,If you get to hear me now,INT10A
Alok - Mathieu Koss,19857,BIG JET PLANE,Hello mister pleased to meet you,INT10B
Alphaville,2577,FOREVER YOUNG,Let's dance in style let's dance for ,INT04B
Alphaville ,9245,BIG IN JAPAN , Winter's cityside ,"INT02, A45"
Altemar Dutra,9349,TUDO DE MIM,De que é feito afinal esse seu coraç,12E
Altemar Dutra,1610,MURMURA AO MAR,Murmura o mar a derramar uma canção,18D
Altemar Dutra,3540,SENTIMENTAL DEMAIS,"Sentimental eu sou, eu sou demais",1J
Altemar Dutra,16090,COMO DESEJO TEU AMOR,Como desejo teu amor quando me lembro,29D
Altemar Dutra,3872,ESTÃO VOLTANDO AS FLORES,Vê...estão voltando as flores vê,2G
Altemar Dutra,3926,O TROVADOR,Sonhei que eu era um dia um,2H
Altemar Dutra,4067,BRIGAS,Veja só que tolice nós dois,3D
Altemar Dutra,4130,QUE QUERES TU DE MIM,Que queres tú de mim?,3E
Altemar Dutra,4465,BALADA TRISTE,Balada triste que me faz lembrar alguém...,4F
Altemar Dutra,6277,SOMOS IGUAIS,Acabei de saber que você riu de mim…,5E
Altemar Dutra,6422,MEU VELHO (MI VIEJO),É um bom tipo meu velho e anda só…,6A
Altemar Dutra,6496,MARIA HELENA,Maria Helena és tu a minha inspiração…,6C
Altemar Dutra,6608,CONTIGO APRENDI,Contigo aprendi…,6F
Altemar Dutra,7045,A PRETENDIDA,Reclamas que te faltam meus carinhos,9A
Altemar Dutra,7268,VAI ANDORINHA,Ao ver passar no céu as andorinhas,9A
Altemar Dutra,7072,BLOCO DA SOLIDÃO,Angústia solidão um triste adeus,9B
Altemar Dutra,7181,MODINHA,Olho a rosa na janela sonho um sonho,9B
Altemar Dutra,7128,EU SONHEI QUE TU ESTAVAS TÃO LINDA,Eu sonhei que tu estavas tão linda,9F
Altemar Dutra - Martha Mendonça,1800,VELHA COMPANHEIRA,Não tenho ódio dentro do meu peito ,19D
Álvaro e Daniel,1505,AQUI É O SEU LUGAR,É pra você,18A
Alvaro Tito,5557,NÃO CHORE,"Tua vida em perigo, se envolver",EVAN101
Alvim and The Chipmunks,5883,CHRISTMAS DON'T BE LATE,Christmas Christmas time is near,"INT03, USA3D"
Amado Batista,7496,AMANTES,Já amanheceu,11A
Amado Batista,7583,DESISTO,Rosto que beijei corpo que abracei,11E
Amado Batista,7656,O PRÍNCIPE,Eu não esqueço,11E
Amado Batista,9355,VÁ EMBORA,Vá embora do meu mundo,12A
Amado Batista,9417,CHUVA DE VENTO,Vento que venta lá fora leva esta sau,13B
Amado Batista,9880,SERESTEIRO DAS NOITES,Existem momentos na vida que lembramo,14A
Amado Batista,9632,CARTA SOBRE A MESA,Deixe-me renascer viver e crescer,14C
Amado Batista,9677,EU QUERO É NAMORAR,Eu pensei,14C
Amado Batista,9604,AMIGO FORTE,Como é linda a vida quando vivida,14E
Amado Batista,1683,AMOR MEU LOUCO AMOR,Além do teu olhar o que mais pode ,19B
Amado Batista,1921,NÃO QUERO FALAR COM ELA,Se ela ligar outra vez,20D
Amado Batista,2811,MUITOS COMPROMISSOS,Quanto tempo você vai chorar por mim,22A
Amado Batista,15268,QUEM É VOCÊ,Quem é você que me escreve cartas de amor,24C
Amado Batista,15412,IMPÉRIO DOS SENTIDOS,Eu venho num sonho bonito das cores,25C
Amado Batista,15562,AGORA OU NUNCA MAIS,Sou um amor passageiro que está,26C
Amado Batista,15633,TRAVESSEIRO AZUL,Tanto faz se é noite ou dia uma luz me,26D
Amado Batista,3856,PRINCESA,Ao te ver pela primeira vez,2F
Amado Batista,16141,O NEGÓCIO DA CHINA,Eu vou levar você pra comer no meu apê,30A
Amado Batista,16515,FOLHA SECA,Fazia um dia bonito quando ela chegou,32B
Amado Batista,4060,24 HORAS NO AR,Pare de pensar em besteira,3C
Amado Batista,4230,COMO NA PRIMEIRA VEZ,Quando o amor nos acontece,3H
Amado Batista,4327,O POBRETÃO,Que pena que eu não posso ser...,4B
Amado Batista,6353,SECRETÁRIA (ASSÉDIO SEXUAL),Ela chega tão meiga e tão bela...,5G
Amado Batista,6625,O FRUTO DO NOSSO AMOR (AMOR PERFEITO),Amor perfeito existia entre nós dois…,6F
Amado Batista,6941,MEU EX-AMOR,Eu tive um amor amor tão bonito…,8A
Amado Batista,6975,RECLAMANDO SUA AUSÊNCIA,Eu sei Foi o amor que fez…,8A
Amado Batista,7129,EU SOU SEU FÃ,Quando você me quiser quando resolver,9A
Amado Batista,16630,SERENATA,Ah como eu queria,33A
Amado Batista Amado,16347,CHANCE,Quero te dizer baixinho com todo carinho,31B
Amanda Magalhaes - Seu Jorge,16680,SAIBA,Amar voce e tao facil,33B
Amane Kaoru,18279,TAIYOH NO UTA,Furuete iru watashi no te ni hajimete,JP6B
Amelinha,9288,"MULHER NOVA, BONITA E CARINHOSA",Numa luta de gregos e troianos,12B
Amelinha,3796,FREVO MULHER,"Quantos aqui ouvem, os olhos",2E
Amelinha,3876,FOI DEUS QUEM FEZ VOCÊ,Foi Deus que fez o céu o rancho das,2G
America,9083,A HORSE WITH NO NAME,On the first part of the journey….,"INT02, 8E"
America,5997,VENTURA HIGHWAY,Chewing on a piece of grass,"INT03, USA3B"
America,5935,LONELY PEOPLE,This is for all the lonely people,"INT03, USA3C"
America,5918,I NEED YOU,We used to laugh we used to cry,"INT03, USA3D"
America,2558,TIN MAN,Sometimes late when things are real,INT04B
America,2630,SISTER GOLDEN HAIR,Well I tried to make it Sunday,INT04D
Ami Suzuki,5658,ALONE IN MY ROOM,Tanoshii kamo ne sou iu hitori...,JP3
Amii Stewart,4929,KNOCK ON WOOD,I don't want to lose you...,"INT01, USA2B"
Amin,2223,MATSU WA,Kawaii furi shite ano ko wari to yaru ,JP5A
Amuro Namie,5294,STOP THE MUSIC,Take a brake...,JP1
Amuro Namie,5300,TRY ME (WATASHI O SHINDITE),Dyuwaki no mukou anantano koe...,JP1
Amuro Namie,5340,CAN YOU CELEBRATE,Can you celebrate? can you kiss me…,JP2
Amuro Namie,5341,CHASE THE CHANCE,Sonna jyanaiyo tanoshii dake…,JP2
Amuro Namie,5711,I HAVE NEVER SEEN,Hajimete no kissu no koto...,JP3
Amuro Namie,5766,NEVER END,Tooi mirai datta tooi kuni datta...,JP3
Amuro Namie,5798,SAY THE WORD,Eien ni tsuzuku michi touku hatesh...,JP3
Amuro Namie,5820,THINK OF ME,Wakari aeru mainichi ni...,JP3
Amuro Namie,5838,WISHING ON THE SAME STAR,Kokoro kara anata o omou...,JP3
Amuro Namie,18536,FIGHT TOGETHER,Yoga akeru mae ni tabidato mada minu,JP8A
Amuro Namie ,18620,HERO,I'll be your hero I'll be your hero,JP8C
Amy Grant,19384,I'LL BE HOME FOR CHRISTMAS,I'm dreaming tonight of a place I love,INT07B
Amy Lee,19762,DREAM TOO MUCH,There's a monkey in the band,INT09D
Amy Winehouse,5959,REHAB,They tried to make me go to rehab,"INT03, USA3D"
Amy Winehouse,5985,TEARS DRY ON THEIR OWN,All I can ever be to you,"INT03, USA3D"
Amy Winehouse,2541,BACK TO BLACK,He left no time to regret,INT04B
Amy Winehouse,2546,LOVE IS A LOSING GAME,For you I was the flame,INT04B
Amy Winehouse,2550,YOU KNOW I'M NO GOOD,Meet you downstairs in the bar and heard,INT04B
Amy Winehouse,19596,VALERIE,Well sometimes I go out by myself,INT08C
An Cafe,18425,NATSU KOI NATSU GAME,Ageru kisetsuga yahte kita karadajuh ga,JP7B
An Ri,2379,OLIVIA O KIKINAGARA,Oki ni iri no uta hitori kiite miru no,JP5E
Ana Canãs,1552,ESCONDERIJO,Procuro a solidão como o ar procura,18B
Ana Cañas,1981,A ANA,Ahn ahn ahn ahn,21A
Ana Cañas,15272,SERÁ QUE VOCÊ ME AMA?,Tudo do avesso tudo certo tudo no começo,24C
Ana Cañas,15885,TE VER FELIZ,Na nara na... Eu não tenho uma letra ,28C
Ana Carolina,7348,ELEVADOR (LIVRO DE ESQUECIMENTO),Pra que te espero de braços abertos,10C
Ana Carolina,7629,MAIS QUE ISSO,Eu não vou gostar de você,11D
Ana Carolina,7694,ROSAS,Você pode me ver do jeito que quiser,11E
Ana Carolina,7891,A CANÇÃO TOCOU NA HORA ERRADA,A canção tocou na hora errada,12A
Ana Carolina,7975,HOJE EU TÔ SOZINHA,Hoje eu tô sozinha e não aceito cons,12A
Ana Carolina,7921,CARVÃO,Surgiu como um clarão,12D
Ana Carolina,7932,CONFESSO,Confesso acordei achando tudo indife,12D
Ana Carolina,9334,RUAS DE OUTONO,Nas ruas de outono,12E
Ana Carolina,9488,NADA PRA MIM,Eu não vim aqui pra entender ou expli,13B
Ana Carolina,9393,AQUI,Aqui,13C
Ana Carolina,9443,É MÁGOA,É mágoa,13D
Ana Carolina,9521,QUE SE DANEM OS NÓS,Vim gastando meus sapatos,13D
Ana Carolina,9676,EU QUE NÃO SEI QUASE NADA DO MAR,Garimpeira da beleza,14B
Ana Carolina,9898,TOLERÂNCIA,Como água no deserto,14D
Ana Carolina,1179,VAI,Espera aí,16A
Ana Carolina,1481,10 MINUTOS,Por que você não atende as minhas,18A
Ana Carolina,1654,DOIS BICUDOS,Quando te vi andava tão desprevenido,19A
Ana Carolina,2739,PROBLEMAS,Qualquer distância entre nós,21C
Ana Carolina,2818,"TÁ RINDO, É?",Ah hoje eu quebrei o meu despertador,22A
Ana Carolina,2931,SIMPLESMENTE ACONTECEU,Simplesmente aconteceu,22D
Ana Carolina,15288,COMBUSTÍVEL,Fiz de você meu combustível meu ,24D
Ana Carolina,15701,LIBIDO,No anúncio da revista ou na obra de arte,27B
Ana Carolina,16025,COISAS,O meu corpo me deixa confusa quando o seu olhar,29B
Ana Carolina,16544,NÃO TEM NO MAPA,Às vezes eu me chamo por aí,32C
Ana Carolina,4316,GARGANTA,Minha garganta estranha quando não te,4B
Ana Carolina,6109,QUEM DE NÓS DOIS,Eu e você não é assim tão complicado...,5A
Ana Carolina,6413,ELA É BAMBA,Ela é bamba ela é bamba ela é bamba…,6A
Ana Carolina,6694,ENCOSTAR NA TUA,Eu quero te roubar pra mim...,7B
Ana Carolina,6757,UMA LOUCA TEMPESTADE,Eu quero uma Lua plena eu quero...,7C
Ana Carolina,6827,NUA,Olho a cidade ao redor e nada me,7E
Ana Carolina,6870,PRA RUA ME LEVAR,Não vou viver...,7F
Ana Carolina - Chiara,15357,UN SUEÑO BAJO EL AGUA,Fios elétricos luvas,25A
Ana Carolina e John Legend,1671,ENTREOLHARES,Se ficar assim me olhando,19A
Ana Carolina e Maria Gadú,2692,MAIS QUE A MIM,Ouvi dizer que você tá bem que já tem,21B
Ana Carolina E Seu Jorge,7114,É ISSO AÍ,É isso aí...,9E
Ana Clara - Atitude 67,16517,PÁGINA MARCADA,Você diz que sabe tudo mas de mim não sabe nada,32B
Ana e Mú,1708,QUANDO A GENTE AMA PRA VALER,Quando a gente ama não há nada que ,19B
Ana Paula Valadão,7855,PODER DO TEU AMOR,Senhor eis-me aqui vem transformar meu,EVB
Ana Vilela,16157,TREM-BALA,Não é sobre ter todas as pessoas do mundo,30A
Ana Vilela,16298,PROMETE ,Prometa que não vai crescer distante,31A
Anavitória,16086,AGORA EU QUERO IR,Encontrei descanso em você me arquitetei,29D
Anavitória,16149,SINGULAR,É tão singular o jeito que me observa acordar,30A
Anavitória,16219,DENGO,Ô dengo me fala tudo sobre o mundo,30C
Anavitória,16371,"AI, AMOR",Ei fiz questão da promessa lembrar,31C
Anavitória - Matheus e Kauan,16206,FICA,Mapeei a dedo tuas sardas,30C
Anavitória - Tiago Iorc,16169,TREVO (TU),Tu é trevo de quatro folhas,30B
Anavitória - Vitor Kley,16548,PUPILA,Como que eu vou dizer pra ela,32C
Anderson Freire,16073,RARIDADE,Não consigo ir além do teu olhar,29C
Anderson Freire e Bruna Karla,2456,IDENTIDADE,Não vou negar quem sou não há máscara,EVAN04B
André Valadão,2427,PELA FÉ,Oh oh oh oh oh oh oh pela fé posso,EVAN04A
André Valadão,2470,SE EU ME HUMILHAR,Neste lugar Tu és real,EVAN04B
André Valadão,2480,VOU CRER,Colocar minha fé em Ti,EVAN04B
André Valadão,7780,EU E MINHA CASA,Quero consagrar meu lar a Ti,EVB
André Valadão,7800,MILAGRES,Posso crer que em minha vida,EVB
André Valadão,7796,MAIS QUE ABUNDANTE,Meu Deus é mais que abundante,EVC
Andrea Boccelli,4150,COM TE PARTIRO,Quando sono solo sogno all'orizzonte,3F
Andru Donalds,19395,SAVE ME NOW,Here I am in a place that I,INT07B
Andy Gibb,2525,I JUST WANT TO BE YOUR EVERYTHING,For so long,INT04A
Andy Williams,5988,THE IMPOSSIBLE DREAM,To dream the impossible dream,"INT03, USA3D"
Andy Williams,4581,HAWAIIAN WEDDING SONG,This is the moment I've waited for,USAA
Andy Williams,4595,MORE,More than the greatest love the world,USAE
Andy Williams,4539,MOON RIVER,Moon River wider than a mile,USAF
Andy Williams,4538,LOVE STORY,Where do I begin? To tell the,USAH
Angela Aki,2040,THIS LOVE,Ai ga areba heiwa da to,JP4A
Angela Aki,2360,TEGAMI ~ HAIKEI JUHGO NO KIMI E,Haikei kono tegami yonde iru anata wa,JP5D
Angela Aki,18211,KISS ME GOODBYE,Anata wa mayotte itemo door wa aite,JP6A
Angela Aki,18224,RAIN,Gohin ni susundeku jikan no,JP6A
Angela Aki,18296,KAGAYAKU HITO,Mune ni hoho o uzume naite ita ne ano hi,JP6C
Angela Aki,18358,WE'RE ALL ALONE,Kanashimi kara jibun o mamoru,JP6D
Angela Aki,18552,SAKURA IRO,Kawazoi ni saiteta sakura namiki o,JP8A
Angela Aki,18574,HOME,Sensai na ito de soboku na machi ni,JP8B
Ângela Maria,7966,FALHASTE CORAÇÃO,E tu que acreditavas mandar em todo,12B
Ângela Maria ,1276,TANGO PRA TEREZA ,Hoje alguém pôs a rodar um disco,16C
Ângela Maria e Emílio Santiago,1287,ESCUTA,Escuta,16D
